iter	phase	verdict	score	blocking	major	change
0	build	-	-	-	-	first-principles decomposition: 8 components, 15 tasks, validator ok with no warnings
1	critique	revise	61	3	4	PE: fix crate boundary, frozen Codex paths, rules revision concurrency, deletion retention, DTO precision, and oversized tasks
2	revise	-	-	-	-	moved renderer to core; added ActiveRun snapshot paths, revision CAS and applying recovery; split capture, IPC, mocks, E2E; cleared all task-derived text; 18 tasks validator ok
3	critique	revise	72	0	6	PE: freeze legacy as editor-only; enforce inject_rules; trigger applying recovery; close external-child lifecycle gate; fix sequence pagination/schema and CI browser resolution
4	revise	-	-	-	-	removed legacy injection ambiguity; added strict settings DTO and snapshot source matrix; wired restart recovery; linearized host child close/reserve; froze observation/paging schema; added executable mock and Chromium fallback tests; validator clean
5	critique	revise	76	0	3	PE: make applying recovery a universal mutation gate; linearize forget with file mutation and final run start; choose a Node 20-executable production mock seam
6	revise	-	-	-	-	added locked universal recovery and unresolved gate; shared workspace lifecycle guard across mutations, native/Codex start and forget; added start cleanup/barriers; made Node 20 harness load production TS through Vite; fixed DTO names, provenance and migration checks; validator clean
7	critique	revise	85	0	2	PE: split mock harness and host lifecycle PRs; make mock test browser-free in clean npm ci; freeze atomic run-start transaction and unpublished-runtime cleanup
8	revise	-	-	-	-	split T7 worker from T7B host transaction/cleanup and T10A IPC from T10M Vite SSR mock CI; froze four-write transaction, cleanup_pending protocol and support stats; 20 tasks, validator clean
9	critique	revise	89	0	2	PE: move real pending/approved/disabled injection closure into T7B; freeze task_delete DB active recheck and Codex barrier; safely create .r-code; move base Chromium CI to T11
10	revise	-	-	-	-	applied all round-5 findings: real T7B injection lifecycle, DB-backed task_delete/Codex barriers, safe .r-code parent re-resolution, and T11 Chromium CI; validator clean (20 tasks, 8/8 components, 6640 LOC); review budget exhausted
