iter	task	phase	count	model	pass	notes
1	O00	engineer	-	-	-	Pure code motion via Engineer subagent; application.rs 1295-1913 (9 review methods) moved to application/review_flow.rs; run_manager.rs RunSlot + 404-625 (8 dispatch methods) moved to run_drive.rs; insertions are only pub(crate) compile-compat (3 fields/5 fns/1 const/1 struct in run_manager) plus imports, all marked with the O00 comment; file_loc 2577 to 1966 and 2477 to 2251; check/clippy/fmt 0/0/0; engineer-observed conversation_engine red adjudicated as the documented parallel flake (10/10 green single-threaded by the orchestrator).
1	O00	qa	1132/1131	min5	yes	Authored o00_headroom_split.rs (4): review projection + verified accept identity (replay convergence, actor CAS conflict, verdict transition, single review.accepted event, bytes retained); stale-revision and stale-evidence refusals leave ReviewReady untouched; send/send_as drive identity (started vs queued token, run-2 delivery of the queued input, actor-stamped input.queued event, 2 completed runs); module surface compile pins. 4/4 twice.
1	O00	keep	1132/1131	min5	yes	KEEP - first O-GATE task. AC1 zero behavior change: diff vs before shows application.rs +3/-623, run_manager.rs +14/-252, lib.rs +1/-0, insertions are the declared visibility/import adjustments only; moved bodies verified verbatim-present/absent. AC2 headroom: 634 and 349 code lines under 2600 (needed 150 each), all six touched files quality ok=true. House double-run 149 lines / 1131 / 1 both, red = declared plan_schema baseline, zero flake; house becomes 1132/1131/1. E05 unblocked.
2	E05	engineer	-	-	-	Kernel N-unit redesign via Engineer subagent: unit_records BTreeMap + UnitRecord/UnitSettlement + active_approval; single-slot validation/candidate_digest removed, Running payload unchanged; started-wave aggregation, dependency-aware failure blocking, read-only fixpoint sweep, legacy serde fold (no store migration); ring migrated pin-for-pin (counts before==after), 9 ring files zero-delta; task.rs 2378/2600.
2	E05	qa	1137/1136	min5	yes	Authored e05_kernel_concurrent_units.rs (5): concurrent two-unit wave (first settle returns to Running, ReviewReady only after both terminal, verifying_work_unit_id derivation); failure blocks exactly transitive dependents while sibling proceeds and RepairRequired names the failed unit; read-only fixpoint (CompletedWithoutEffect, attempt_id None, idempotent, unsatisfied/writable/repo_exclusive excluded); both accepts refuse unsettled waves and keep exact attempt/candidate/actor checks; legacy Verifying and ReviewReady JSON rows fold into one per-unit record (from_str expect, no silent drop) and new-shape round-trip emits no legacy keys. 5/5; kernel crate 92 green.
2	E05	keep	1137/1136	min5	yes	KEEP - all five acceptance criteria pinned; house double-run 150 lines / 1136 / 1 both (declared plan_schema only, zero flake); three adjudicated deviations recorded in change.json (review slot kept as task-level aggregate disposition - removal would break non-editable tests and review is inherently one whole-task user decision; started-wave semantics per existing p_gate_approval pin; additive active_approval); QA non-blocking generation-0 observation recorded. E06 unblocked.
3	E06	engineer	-	-	-	Wave dispatcher + work_unit_attempts substrate: string-keyed ledger migration (numbered registry untouched, 18-vs-35 pair unchanged); v1/attempts.rs idempotent prepare/exactly-once settle; parallel.rs ready-set (deps Completed + P26/P27 drift revalidation) + bound 2 + per-attempt snapshot + durable-row-before-spawn + frontier-hold + durable-first settle; run_manager 2253 to 1644. Three stale pins handed to QA (one send drives the whole DAG).
3	E06	qa	1141/1140	min4	yes	Authored e06_parallel_dispatch (4): diamond concurrency/join/attribution, drift re-block, idempotency/single-attribution, seed-leak probe. PROBE CAUGHT REAL DEFECT (iter 1 pass=false): failed settle left the frontier-seeded dependent InFlight, task wedged in Running, no run.failed, no ack. Migrated 3 stale pins (counts 1-to-2, check-free fixtures preserving ReviewReady, unit.completed shape).
3	E06	refine	-	-	-	Fix in parallel.rs cleanup: retract seeds never replaced by a real start (InFlight + candidate_digest None + no execution.started journal row for the id) regardless of Pending-vs-Blocked; aggregate re-derived by idempotent require_repair per Failed record landing RepairRequired naming the failed head. Probe 4/4 + 44 regression + clippy/fmt green.
3	E06	keep	1141/1140	min4	yes	KEEP - all four acceptance criteria pinned (no start before deps+revalidation; bound never exceeded; exactly-one-attribution pinned; run_manager 1644 under gate). House: run1 151/1140/1 clean; run2 151/1139/2 (e06 overlap assertion flaked once under load - diagnosed deterministic cause, test sleep hardened 200ms-to-1500ms, suite 4/4 five times) then run2 repeated 151/1140/1. Flake occurrence AND hardening both reported. E07/E08/E09-R unblocked.
4	E07	engineer	-	-	-	LeaseFamily substrate: lease_families/lease_family_members behind string-keyed migration 'lease-families' (numbered registry untouched → 18-vs-35 pair unchanged); store acquire_lease_family all-or-nothing + replay-converge + orphan-adoption + fencing derived from member workspace lease epochs (no epoch column); release_lease_family settles attempt row + members in one transaction with stale refusal; release_lease_family_member for fatal/cancel paths (attempt stays in flight); reconcile_lease_families whole-family resolution. Executor lease joins its attempt family; wave dispatcher routes all 7 settle sites + cancel drain through release_lease_family. Before snapshot re-taken from clean HEAD 2b894c2 (original was machine-local to the pre-handoff host and absent here; HEAD == post-E06-keep tree so byte-equivalent).
4	E07	qa	1146/1147	min4	yes	Authored e07_lease_family (6): all-or-nothing second-member conflict leaves no family row and no first lease held then succeeds whole after holder release; two tasks' families coexist and a third task's attempt is refused naming the member lease id with both families untouched; crash reconcile resolves 3 families whole (settled→released + 2 incomplete→quarantined members fenced - late writer prepare refused LeaseInactive - sibling outcomes independent) and is idempotent; family release settles attempt+members exactly once with wrong-owner and stale-outside-settle refusals; epochs consecutive from the one counter continuing for the next plain lease; replay converges regardless of member order while divergent set refuses. Environment work both-reported: 484 .rs normalized CRLF→LF (autocrlf checkout broke s13 include_str! pins - now 9/9) + t14a dead-pid assertion hardened to bounded poll within the existing 5s settle cap (Windows 26200 teardown slower; failed 3x pre-hardening / 4x4 post). python and rtk absent on this host - file_loc replicated as non-blank lines and plain cargo used after switching cargo git fetches to SSH per user instruction.
4	E07	keep	1146/1147	min4	yes	KEEP - all three acceptance criteria pinned (family never partial; fencing reuses workspace lease epoch - no third currency; no lease outlives settle or quarantine); house double-run 152 lines / 1147 / 1146 / 1 BOTH (declared plan_schema 18-vs-35 only - string-keyed path kept the pair as contract anticipated); run B first pass had one conversation_engine cancel flake under load (single rerun green + suite 3x green + B repeated clean - occurrence and resolution both reported); verify-safety-v1 16/19 exit 0 + launch boundary 17 sites green; clippy clean; run_manager untouched 1644 and parallel.rs 1522 non-blank both under gate. External untracked docs/research + docs/readme.md edit appeared mid-session from user-side work - left untouched out of scope. E08/E10 unblocked (E10 needs both).
5	E08	engineer	-	-	-	ChildSupervisor registry (in-memory only - no journal interception no second state machine): SupervisedChild trait + PluginProcess impl (graceful cancel then confirmed kill = proof) + ProfiledTreeChild adapter over the REAL backend terminate/wait_and_prove; register pins one owner attempt per tree (cross-owner refuses same-owner converges); settle refuses foreign trees; cancel_and_prove_all sweeps per-tree proofs and never claims the set dead while any tree is unprovable (unprovable stays registered). Birth seams surfaced: PluginSession::supervised_tree_id / SupervisedRun::tree_id / ManagedProcessService::tree_of + optional with_child_supervisor (registers at open_profiled settles in close_confirmed). Wave dispatcher registers session trees (double ownership = Fatal) run closure deregisters after kill_confirmed cancelled wave sweeps + journals child.supervisor-unproven; RunManager gates the cancelled settle on sweep.all_dead (INV-08) and exposes sweep_supervised_children for shutdown.
5	E08	qa	1151/1152	min5	yes	Authored e08_child_supervisor (5): one-owner-per-tree pin with cross-owner AlreadyOwned and foreign-settle ForeignTree refusals; cancel-and-prove-all proves each killable exactly once + already-settled tree never blocks nor is killed + registry drains + empty sweep vacuously clean; unprovable tree keeps all_dead false stays registered (never unsupervised) siblings still prove then cancel_one false-to-true transition after the handle turns provable; ProfiledTreeChild proven against the REAL deterministic backend (exit frame + proof naming the tree then sweep proves; terminate-fault arm stays unproven and registered) + SupervisedRun::tree_id surface pinned; tree_of surfaces nothing for unknown tokens. Cancel-path regressions green (conversation 10 m03_cancel_race 2 s23 5 e06 4).
5	E08	keep	1151/1152	min5	yes	KEEP - all three acceptance criteria pinned (one owner per tree; zero unsupervised children after cancel - unprovable trees stay registered and the settle never lands over them; all-dead only with per-tree proofs). House double-run 153 lines / 1152 / 1151 / 1 BOTH identical zero flake (declared plan_schema only - E08 touches no store path). Safety 16/19 exit 0 + 17 sites green; clippy clean; run_manager 1661 parallel 1558 child_supervisor 237 non-blank all under gate. Adjudicated deviation recorded: with_child_supervisor production composition lands in E10 (application.rs not in E08 scope - seam test-pinned here). E09-R unblocked.
6	E09-R	engineer	-	-	-	unverified_overrides table via string-keyed migration (numbered registry untouched - declared 18-vs-35 pair NOT moved as contract anticipated); reviews.rs repository: one immutable row per (task override_id) with actor/session/reason/candidate-digest + EXACT sorted failed check ids; save_task_events_and_unverified_override_if_revision commits task CAS + events + row in ONE immediate tx (OverrideCommitError preserves StaleTaskRevision for replay); record/load/list with identical-replay converge + different-actor conflict; review_flow seeds the row (override_id = action id) through save_review_action_ext whose stale-replay arm converges only once the row exists; list_unverified_overrides canonical camelCase projection + review.overrides.list route in r-code-service.
6	E09-R	qa	1155/1156	min5	yes	Authored e09r_override_records (4 - real ApplicationService fixture per m04 idiom): e2e one durable row with exact sorted checks + replay writes nothing new + different-actor ActorConflict + scoped list isolation; mismatched check lists (subset/superset/unknown) refuse with NO row and task stays RepairRequired; poisoned-seed (empty checks) rolls the whole verdict back (revision unmoved row absent) then healthy seed commits both together (+1 revision row exists); canonical camelCase key set pinned with unsorted input landing sorted. m04 review regressions 12+1 green.
6	E09-R	keep	1155/1156	min5	yes	KEEP - all three acceptance criteria pinned (no UnverifiedAccepted without its row - the same-transaction coupling is proven both directions; table is single query source with journal as derived projection; replay idempotency + actor-conflict refusal). House double-run 154 lines / 1156 / 1155 / 1 BOTH identical zero flake (declared plan_schema only - string-keyed path kept the pair). Safety 16/19 exit 0 + 17 sites green; clippy clean (only pre-existing s22 warnings). E09-C unblocked.
7	E09-C	engineer	-	-	-	Four-client projection of the canonical override material over review.overrides.list: desktop bridge method + cmd_harness_v1_overrides_list + HARNESS_V1_OVERRIDE_COMMANDS + typed ipc wrapper + single OverrideAuditPanel renderer (capability-missing hides - element absent never disabled; load failure hides too); TUI /plugins overlays subcommand rendering the identical eight-key order; MCP override_audit module (tool descriptor + CANONICAL_FIELDS + camelCase view + call params over the same RPC); remote projectUnverifiedOverrides drops rows missing any canonical key (fail-closed never defaulted) + overrideAuthorityRows desktop order + aggregation state field.
7	E09-C	qa	1155/1156	min5	yes	Authored e09c_override_clients.rs (4 source pins: every client RPC daemon-served; command advertised+implemented+typed; canonical key order literally identical across all four clients incl. the TS material+tail layering; capability-missing hides via return null + remote fail-closed no-defaults) and e09c-overrides.test.mjs (5 behavioral: full projection; malformed rows of seven shapes dropped never defaulted; mixed batches keep good rows only; display order identical to desktop; empty aggregation carries the audit array). mcp+tui suites green; host clippy clean.
7	E09-C	keep	1155/1156	min5	yes	KEEP - all three acceptance criteria pinned (same canonical material four ends; hide-never-disable; malformed fail-closed with real behavioral coverage). House double-run 154/1156/1155/1 BOTH unchanged (E09-C touches no house crate - declared red only). Both-reported environment items: two pre-existing R07b.A2 PWA tests need unbuilt dist/ on this host (remote/core 54/56) and the 25-min-stalled full frontend runner replaced by the targeted directory suite. Adjudicated deviation: main.rs invoke-handler one-liner for the desktop command recorded as open follow-up (outside declared file set). E10 unblocked (7/8).
8	E10	engineer	-	-	-	Whole-chain recovery: reconcile_task_chain classifies each in-flight attempt of the task's ACTIVE revision from its own durable evidence (kernel unit record + execution.started journal rows) - Completed/CompletedWithoutEffect → release_lease_family(true) = resume-once (completed-before-crash never re-executed; E06 redispatch refusal holds); Failed/started-unprovable/never-started → release_lease_family(false) + require_repair re-blocking exactly that unit (family members deactivate = the fence); reconcile_in_flight_attempts sweeps all tasks then the E07 family reconcile quarantines unclassifiable stragglers fenced. application.rs runs the pass ONCE at composition after recover_incomplete_effects before write ingress with reconciled_attempts published on the readiness.
8	E10	qa	1157/1158	min5	yes	Authored e10_chain_recovery (2 - real recompose-on-same-profile restarts with crash states built from real-crash vocabulary: attempt+family rows rewound by SQL kernel records rewound via kernel APIs never-started arm's execution.started rows deleted): two in-flight resolve exactly once (resume-once attempt settles Completed with kernel record untouched + exactly one chain.resume-once/chain.quarantined journal row + no surviving lease + second restart reconciles 0) and readiness publishes 2; never-started arm quarantines while acknowledged head stays Completed (no completion lost) task RepairRequired families all followed. REFINE ROUND: initial per-input/per-wave placement refuted by m03 competing-managers regression (live wave's attempts are work in progress not crash debris) - moved to startup-only per E10.4 letter and m03 re-green.
8	E10	keep	1157/1158	min5	yes	KEEP - O-GATE 8/8 COMPLETE. All four acceptance criteria pinned (exactly-one resolution; no double execution - resume-once keeps the kernel record Completed and the settled attempt refuses redispatch; no lost completion - the acknowledged head survives the sibling's quarantine untouched; file gates run_drive 244 / run_manager 1661 / application 1979 / parallel 1739 all under 2600). House double-run 155 lines / 1158 / 1157 / 1 BOTH identical zero flake (declared plan_schema only - the ONLY red of the entire milestone). Safety 16/19 exit 0 + 17 sites green. Open follow-ups carried: main.rs invoke-handler one-liner (E09-C) + with_child_supervisor composition (E08). Next: F migration per index.md §9 with plan-loop first.
